motif	motif_importance__healthy_OPC	motif_importance__healthy_oligodendrocyte	score_raw__healthy_OPC	score_raw__healthy_oligodendrocyte	score_legacy__healthy_OPC	score_legacy__healthy_oligodendrocyte
AHR	0.0019838473880130995	0.003056828449373189	0.0	0.0	0.0	0.0
AIRE	0.0016473873290986317	0.0010846280459342779	0.0	0.0	0.0	0.0
AP1/1	0.005089330743537079	0.005410688509108585	0.0	0.0	0.0	0.0
AP1/2	0.0024148936799579333	0.0034982250714813445	0.0	0.0	0.0	0.0
ARI5A	0.0006532244525000346	0.00015294650218643455	0.0	0.0	0.0	0.0
ARI5B	0.0014454639600647943	0.00140398642986664	0.0	0.0	0.0	0.0
BATF	0.0023344433774292765	0.002341336717052559	0.0	0.0	0.0	0.0
BCL6/1	0.00010934206028420693	0.00011443116761251194	0.0	0.0	0.0	0.0
BCL6/2	0.0020143767757251087	0.005037292654987695	0.0	0.0	0.0	0.0
CCAAT/CEBP	0.0014360178474889878	0.0016439841299483715	0.0	0.0	0.0	0.0
CENBP	0.0007807285989278112	0.000985552499674377	0.0	0.0	0.0	0.0
CPEB1	0.0017610782669171422	0.002666099074084591	0.0	0.0	0.0	0.0
CREB/ATF/1	0.0011322143794125939	0.0014405350285785694	0.0	0.0	0.0	0.0
CREB/ATF/2	0.0012796247849811355	0.0012848114524887304	0.0	0.0	0.0	0.0
CREB/ATF/3	0.001742668642904821	0.0017851790259738988	0.0	0.0	0.0	0.0
CREB3/XBP1	0.004525610984619139	0.006115115866776509	0.0	0.0	0.0	0.0
CTCF	0.02299798090016543	0.0315638079653238	0.0	0.0	0.0	0.0
CUX/1	0.0007152553157020409	0.0010308919671268965	0.0	0.0	0.0	0.0
CUX/2	0.0005302196075842634	0.000291924418998842	0.0	0.0	0.0	0.0
CUX/3	6.302100760696437e-05	4.654288044138326e-05	0.0	0.0	0.0	0.0
CUX/4	0.0012833350070621512	0.0005990812799941125	0.0	0.0	0.0	0.0
DDIT3+CEBPA	0.002286789166229988	0.00197409642285424	0.0	0.0	0.0	0.0
DMRT1	0.0008882659303782369	0.001730995229798743	0.0	0.0	0.0	0.0
DMRT3	0.0007213138253377241	0.0015312116187068425	0.0	0.0	0.0	0.0
E2F/1	0.011223557632287055	0.009532500355489849	0.0	0.0	0.0	0.0
E2F/2	0.010100158432741976	0.013778581801120203	0.0	0.0	0.0	0.0
E2F/3	0.011059787061669851	0.017631811848436128	0.0	0.0	0.0	0.0
E2F/4	0.0052104011515343085	0.008624379197174374	0.0	0.0	0.0	0.0
EBF1	0.004069874517600232	0.005598764663796647	0.0	0.0	0.0	0.0
EGR	0.003870275617014943	0.005013886170790626	0.0	0.0	0.0	0.0
ETS/1	0.01263187613460615	0.01478042167321317	0.0	0.0	0.0	0.0
ETS/2	0.003147829848868536	0.0036286009266913075	0.0	0.0	0.0	0.0
EVI1/MECOM	0.0015910248793854327	0.0008300466413077715	0.0	0.0	0.0	0.0
EWSR1/FLI1	0.0008067477112196806	0.0006914547333219321	0.0	0.0	0.0	0.0
Ebox/CACCTG	0.00782374441416926	0.008049841844636231	0.0	0.0	0.0	0.0
Ebox/CACGTG/1	0.001603936194288503	0.0021676574015849527	0.0	0.0	0.0	0.0
Ebox/CACGTG/2	0.008139414380068374	0.01058094175439701	0.0	0.0	0.0	0.0
Ebox/CAGATGG	0.006963718138540875	0.008188583270454986	0.0	0.0	0.0	0.0
Ebox/CAGCTG	0.007226470678005141	0.008652103613036083	0.0	0.0	0.0	0.0
Ebox/CATATG	0.0033278450468542426	0.0034357978803069918	0.0	0.0	0.0	0.0
FEZF1	0.0020301874845224934	0.002226495380767197	0.0	0.0	0.0	0.0
FOX/1	0.0013409926229317171	0.002370327214973607	0.0	0.0	0.0	0.0
FOX/2	0.0008434738073452719	0.0010449787425865181	0.0	0.0	0.0	0.0
FOX/3	0.0017237122744056007	0.0021354296738789334	0.0	0.0	0.0	0.0
FOX/4	0.005547112772750795	0.004963652486733374	0.0	0.0	0.0	0.0
FOX/5	0.0050149571630755865	0.004697237826186268	0.0	0.0	0.0	0.0
FOX/6	0.0012487484742442858	0.0010464862446130207	0.0	0.0	0.0	0.0
FOX/7	0.003540304344335353	0.005410681265018507	0.0	0.0	0.0	0.0
FOX/8	0.0017853357085986744	0.002471854307617137	0.0	0.0	0.0	0.0
FOX/9	0.0006966391346089589	0.00023275218130603773	0.0	0.0	0.0	0.0
GATA	0.005214381977374495	0.005099528991616776	0.0	0.0	0.0	0.0
GC-tract	0.010013430778723019	0.01203925115730567	0.0	0.0	0.0	0.0
GCM	0.005928595067968816	0.008662623289669345	0.0	0.0	0.0	0.0
GFI	0.004612099744423046	0.0045293663059728295	0.0	0.0	0.0	0.0
GLI	0.004744239934390217	0.006728466203870956	0.0	0.0	0.0	0.0
GLIS	0.00520639736363163	0.005260409863328457	0.0	0.0	0.0	0.0
GMEB2/1	9.690717433909147e-05	5.233185513841378e-05	0.0	0.0	0.0	0.0
GMEB2/2	0.0024497656277524243	0.003981505069699144	0.0	0.0	0.0	0.0
GMEB2/3	0.0023340076151004076	0.001290005778587588	0.0	0.0	0.0	0.0
GRHL	0.005315394888165755	0.005282638205092398	0.0	0.0	0.0	0.0
HAND1	0.005922149500137617	0.006432244858587501	0.0	0.0	0.0	0.0
HD/1	0.0003241677933536101	0.0007591196311699166	0.0	0.0	0.0	0.0
HD/10	0.0008993711871278951	0.0012149726525292528	0.0	0.0	0.0	0.0
HD/11	0.00022841421416208604	0.0002513932874409784	0.0	0.0	0.0	0.0
HD/12	0.0035675426056772665	0.0022282449555796275	0.0	0.0	0.0	0.0
HD/13	0.0011403568635763662	0.0024201561456518935	0.0	0.0	0.0	0.0
HD/14	0.0024876006716314843	0.0017933950589377955	0.0	0.0	0.0	0.0
HD/15	0.0011312420302251433	0.0005748934662846971	0.0	0.0	0.0	0.0
HD/16	0.001886145031831211	0.0010432141462854473	0.0	0.0	0.0	0.0
HD/17	0.0020532741294098846	0.001483100073368855	0.0	0.0	0.0	0.0
HD/18	0.005614829340165696	0.007112428654401628	0.0	0.0	0.0	0.0
HD/19	0.0007385716451160705	0.0012417769983868706	0.0	0.0	0.0	0.0
HD/2	0.0053994022354157956	0.005869546400207333	0.0	0.0	0.0	0.0
HD/20	0.005983290115441704	0.005684901158168317	0.0	0.0	0.0	0.0
HD/21	0.0015291836094133882	0.0008044282860270501	0.0	0.0	0.0	0.0
HD/22	0.005744122817327035	0.005703156429622415	0.0	0.0	0.0	0.0
HD/23	0.00010351070847216776	0.00022414659282217047	0.0	0.0	0.0	0.0
HD/24	0.002334328854073581	0.002039767976591904	0.0	0.0	0.0	0.0
HD/25	0.0017660166066431155	0.00028173916144931695	0.0	0.0	0.0	0.0
HD/3	0.0018270251028241584	0.0009384700625934214	0.0	0.0	0.0	0.0
HD/4	0.003471503738855659	0.004648492482503287	0.0	0.0	0.0	0.0
HD/5	0.0010450191732332271	0.0020648403077555126	0.0	0.0	0.0	0.0
HD/6	0.0012723315014066803	0.0012081649369987898	0.0	0.0	0.0	0.0
HD/7	0.0007808319201623243	0.000459845706632988	0.0	0.0	0.0	0.0
HD/8	0.0008422534336042149	0.0009120289196031826	0.0	0.0	0.0	0.0
HD/9	0.0004014915425629964	0.00045669159764366303	0.0	0.0	0.0	0.0
HEN1	0.004542503143932719	0.008510680758343334	0.0	0.0	0.0	0.0
HIC/1	0.004882279012325118	0.006475516647208594	0.0	0.0	0.0	0.0
HIC/2	0.0050189070949442595	0.004666558162313985	0.0	0.0	0.0	0.0
HIF	0.0014972404681591913	0.00415619355564059	0.0	0.0	0.0	0.0
HINFP1/1	0.002567557542364408	0.006454873215962022	0.0	0.0	0.0	0.0
HINFP1/2	0.00010071353642070717	0.0005482700677539416	0.0	0.0	0.0	0.0
HINFP1/3	0.0013555985952679239	0.0021292430312946134	0.0	0.0	0.0	0.0
HLTF	0.0014351891922470474	0.0020013114139685617	0.0	0.0	0.0	0.0
HOMEZ	0.0	0.0	0.0	0.0	0.0	0.0
HSF	0.0005959972489018139	0.002272592019607198	0.0	0.0	0.0	0.0
HSFY2	0.0015247919440235268	0.0011790634604261167	0.0	0.0	0.0	0.0
INSM1	0.005286726593883059	0.0064316563150256046	0.0	0.0	0.0	0.0
IRF/1	0.0025531379137746753	0.0011488761050205002	0.0	0.0	0.0	0.0
IRF/2	0.0027606704758872036	0.0035934362085477617	0.0	0.0	0.0	0.0
IRF/3	0.00046002382180682436	0.0009758841946286428	0.0	0.0	0.0	0.0
IRF/4	0.0008547433378940236	0.0008718561063072281	0.0	0.0	0.0	0.0
KAISO	0.0021276261962169356	0.005039218665227258	0.0	0.0	0.0	0.0
KLF/SP/1	0.0037595376876576225	0.005811429903487442	0.0	0.0	0.0	0.0
KLF/SP/2	0.013298095088385052	0.01689512753521292	0.0	0.0	0.0	0.0
KLF/SP/3	0.003085787568046902	0.004576502861869584	0.0	0.0	0.0	0.0
LEF1	0.007652231897870208	0.00526503570669213	0.0	0.0	0.0	0.0
LIN54	0.0006501091701544214	0.0007430012565010158	0.0	0.0	0.0	0.0
MAF	0.0034148443030373133	0.006536408241897171	0.0	0.0	0.0	0.0
MBD2	0.003115680869249356	0.007231515638751185	0.0	0.0	0.0	0.0
MECP2	0.0029116134436163905	0.007399511999745588	0.0	0.0	0.0	0.0
MEF2	0.0040247438553787426	0.0037056401313246713	0.0	0.0	0.0	0.0
MFZ1	0.00509705200695783	0.005130032356583047	0.0	0.0	0.0	0.0
MIES	0.002483908033537021	0.0034477650227153975	0.0	0.0	0.0	0.0
MTF1	0.0036191211341904273	0.00551147010122053	0.0	0.0	0.0	0.0
MYB/1	0.00045230418478448974	0.0007875076870320142	0.0	0.0	0.0	0.0
MYB/2	0.00037161165365012154	0.0004786974527558413	0.0	0.0	0.0	0.0
MYB/3	0.0014786770662541869	0.0003826436666908033	0.0	0.0	0.0	0.0
MYB/4	0.0009812840719761835	0.0009427901508288984	0.0	0.0	0.0	0.0
MYB/5	0.003387511510906311	0.005912653814614964	0.0	0.0	0.0	0.0
MZF1	0.0038520348350010317	0.003910836845267369	0.0	0.0	0.0	0.0
NFAC/2	0.00569185777822487	0.0056713774256026556	0.0	0.0	0.0	0.0
NFAT/1	0.004851415528901254	0.003933722603325425	0.0	0.0	0.0	0.0
NFAT/2	0.004312771110613623	0.006374929378378726	0.0	0.0	0.0	0.0
NFAT/3	0.0026901517080992524	0.001977964527364279	0.0	0.0	0.0	0.0
NFAT/4	0.0013762305476867995	0.0008768899799287363	0.0	0.0	0.0	0.0
NFI/1	0.0014918261400601244	0.002463492398488895	0.0	0.0	0.0	0.0
NFI/2	0.0005783073932075591	0.0018047898260101	0.0	0.0	0.0	0.0
NFI/3	0.007609343474317009	0.014635505670665006	0.0	0.0	0.0	0.0
NFKB/1	0.002426548969643948	0.0056342788374498355	0.0	0.0	0.0	0.0
NFKB/2	0.002260982697895636	0.002529748662776085	0.0	0.0	0.0	0.0
NFKB/3	0.0019505708112270586	0.004137676686915061	0.0	0.0	0.0	0.0
NFY	0.005386013764380138	0.0063955115604896985	0.0	0.0	0.0	0.0
NR/1	0.0021739400263463297	0.004399453315466222	0.0	0.0	0.0	0.0
NR/10	0.0014813140770028315	0.0025133705230734518	0.0	0.0	0.0	0.0
NR/11	0.0024829148248772474	0.002229250009747933	0.0	0.0	0.0	0.0
NR/12	0.0013617277235127756	0.0020667038398324788	0.0	0.0	0.0	0.0
NR/13	0.0020503571118297777	0.0027717872162493795	0.0	0.0	0.0	0.0
NR/14	0.0017206327391240809	0.0013623068940575567	0.0	0.0	0.0	0.0
NR/15	0.003661009651466697	0.004605099203268071	0.0	0.0	0.0	0.0
NR/16	0.006654681854970866	0.008857124893925853	0.0	0.0	0.0	0.0
NR/17	0.0041251602622493725	0.00641602960871661	0.0	0.0	0.0	0.0
NR/18	0.007466474131852662	0.010745780060626852	0.0	0.0	0.0	0.0
NR/19	0.0030139388564453485	0.0032992594890123906	0.0	0.0	0.0	0.0
NR/2	0.0022716801286098054	0.001795075490149465	0.0	0.0	0.0	0.0
NR/20	0.0026893674958914245	0.003042547811243419	0.0	0.0	0.0	0.0
NR/3	0.0033238859261086853	0.003529640318983291	0.0	0.0	0.0	0.0
NR/4	0.0012297869722506108	0.0011184715714045973	0.0	0.0	0.0	0.0
NR/5	0.0014275188978222298	0.002121239541228088	0.0	0.0	0.0	0.0
NR/6	0.00031964242465328777	0.0004242019322497634	0.0	0.0	0.0	0.0
NR/7	0.00477145536252667	0.0028039261541745963	0.0	0.0	0.0	0.0
NR/8	0.001447452124348338	0.0004897992009242895	0.0	0.0	0.0	0.0
NR/9	0.0005482328707965299	0.0008137169706501973	0.0	0.0	0.0	0.0
NR2E3	0.0012936720849173401	0.001954248977522196	0.0	0.0	0.0	0.0
NRF1	0.0037973584029503795	0.006546155702282337	0.0	0.0	0.0	0.0
OCT4+SOX2	0.003378847289092853	0.0027116692573481865	0.0	0.0	0.0	0.0
OSR2	0.0024289970409070933	0.004186980961411229	0.0	0.0	0.0	0.0
OVOL1	0.00020208681947608107	0.0010697443917399509	0.0	0.0	0.0	0.0
P53-like/1	0.002107753255837597	0.0017430518284341336	0.0	0.0	0.0	0.0
P53-like/2	0.0011349248708886974	0.001400662412757732	0.0	0.0	0.0	0.0
P53-like/3	0.00085154084557286	0.0014848222298094425	0.0	0.0	0.0	0.0
PAX-halfsite	0.001900758067475767	0.0024969059450702233	0.0	0.0	0.0	0.0
PAX/1	0.00700315028638879	0.0052704894349551315	0.0	0.0	0.0	0.0
PAX/2	0.004325610643341684	0.006772524639519841	0.0	0.0	0.0	0.0
PLAG1	0.0022316085150234388	0.004351195059873447	0.0	0.0	0.0	0.0
POU/1	0.0005939871084415049	0.0010207763901577006	-0.004383068704569545	-0.007532373996807533	0.0	0.0
POU/2	0.0051849374165148275	0.004738428614273919	0.0	0.0	0.0	0.0
POU/3	0.0004955339074392596	0.001689247553245519	-0.007441285556547244	-0.025366928944089356	-0.0004955339074392596	-0.001689247553245519
PRDM1	0.0031848980835804293	0.003487095349160115	0.0	0.0	0.0	0.0
PRDM14	0.0024236097243036867	0.003758496389426677	0.0	0.0	0.0	0.0
PRDM16	0.005514272877574199	0.009407664722292163	0.0	0.0	0.0	0.0
PRDM4	0.001942751361263867	0.0026033656111778443	0.0	0.0	0.0	0.0
PRDM5	0.0038675926831425135	0.005327704694271217	0.0	0.0	0.0	0.0
PRDM9	0.0025904456094440337	0.004558806366287792	0.0	0.0	0.0	0.0
PROX1	0.001227471345656588	0.0015864956192226877	0.0	0.0	0.0	0.0
RBPJ	0.005313750360560617	0.006844206616666642	0.0	0.0	0.0	0.0
REL-halfsite	0.005179127518623101	0.0047985087396228265	0.0	0.0	0.0	0.0
REST/NRSF	0.0010763235619794423	0.0015754740713684687	0.0	0.0	0.0	0.0
RFX/1	0.005415629110577187	0.007333496331241132	0.0	0.0	0.0	0.0
RFX/2	0.002424062657191829	0.002351833333412195	0.0	0.0	0.0	0.0
RFX/3	0.004177751993474003	0.008781483165921835	0.0	0.0	0.0	0.0
RUNX/1	0.0025804240626640974	0.004178180724617949	0.0	0.0	0.0	0.0
RUNX/2	0.0020374652225707474	0.002711115423644538	0.0	0.0	0.0	0.0
SCRT1	0.0017589102055987561	0.0020845066072724613	0.0	0.0	0.0	0.0
SIX/1	0.00412652649034774	0.004566095603502695	0.0	0.0	0.0	0.0
SIX/2	0.0024227641212376553	0.0017156100883300293	0.0	0.0	0.0	0.0
SMAD	0.006798966957330075	0.0089227719496844	0.0	0.0	0.0	0.0
SMARCA1	0.004403739482770587	0.0056536039511825955	0.0	0.0	0.0	0.0
SMARCA5	0.00018163097689405944	0.00026634393502616364	0.0	0.0	0.0	0.0
SNAI2	0.0068451932214043	0.008481898132178185	0.0	0.0	0.0	0.0
SOX/1	0.011511382233104446	0.014328644509571426	0.0	0.0	0.0	0.0
SOX/2	0.0024205924045557843	0.0010572461721701904	0.0	0.0	0.0	0.0
SOX/3	0.0022777071991292087	0.0036074205000137267	0.0	0.0	0.0	0.0
SOX/4	0.001669102489416013	0.0018466163737349748	0.0	0.0	0.0	0.0
SOX/5	0.0009957858933207623	0.0010483601984439107	0.0	0.0	0.0	0.0
SOX/6	0.001699308229480004	0.0016349650876454156	0.0	0.0	0.0	0.0
SOX/7	0.00032985487692172727	0.00021597892763957523	0.0	0.0	0.0	0.0
SOX/8	0.001003055825377032	0.0017394744542281624	0.0	0.0	0.0	0.0
SPDEF/1	0.002179534676996629	0.0032277977496873484	0.0	0.0	0.0	0.0
SPDEF/2	0.0019677481851170897	0.004272164770049963	0.0	0.0	0.0	0.0
SPI	0.003424757976466208	0.004464659694005629	0.0	0.0	0.0	0.0
SPZ1	0.005025285908426366	0.009242014642061218	0.0	0.0	0.0	0.0
SREBF1	0.003888574517668577	0.004809120869710037	0.0	0.0	0.0	0.0
SRF	0.0016175061037040132	0.002672299269938904	0.0	0.0	0.0	0.0
STAT/1	0.0024953169975288746	0.00296685794183064	0.0	0.0	0.0	0.0
STAT/2	0.008472053154109708	0.009392872085766842	0.0	0.0	0.0	0.0
TATA	0.003779115751894086	0.0074995159743603945	0.0	0.0	0.0	0.0
TBX/1	0.002066255709725507	0.006534942510828017	0.0	0.0	0.0	0.0
TBX/2	0.0028785373816808237	0.0030320615631922775	0.0	0.0	0.0	0.0
TBX/3	0.004067517861870726	0.0059570993232136455	0.0	0.0	0.0	0.0
TBX/4	0.003246864777738545	0.003105972964275085	0.0	0.0	0.0	0.0
TCF/LEF	0.003905270109018727	0.004421478014456972	0.0	0.0	0.0	0.0
TEAD	0.004810920663985061	0.004068214437519922	0.0	0.0	0.0	0.0
TFAP2/1	0.007155842804282128	0.010583777777542531	0.0	0.0	0.0	0.0
TFAP2/2	0.004520677788759625	0.006006641794036373	0.0	0.0	0.0	0.0
TFCP2	0.0012393548744287278	0.001266882613606042	0.0	0.0	0.0	0.0
THAP1	0.0055992263413912014	0.00675085620735265	0.0	0.0	0.0	0.0
YY1	0.00696601210601251	0.009727441583311033	0.0	0.0	0.0	0.0
ZBED1	0.0003791948036686242	0.00044520338757932483	0.0	0.0	0.0	0.0
ZBTB14	0.005320544246261995	0.012132416419530811	0.0	0.0	0.0	0.0
ZBTB48	0.002984212975979922	0.0029119925802666073	0.0	0.0	0.0	0.0
ZBTB49	0.0004092784157918363	0.00042488613376380437	0.0	0.0	0.0	0.0
ZBTB6	0.0034488219831576893	0.006395225624423613	0.0	0.0	0.0	0.0
ZBTB7A	0.005217663223142676	0.008574768314721344	0.0	0.0	0.0	0.0
ZFN121	0.004872539454686268	0.007887507679487347	0.0	0.0	0.0	0.0
ZFX	0.007630745874658935	0.015284417200671464	0.0	0.0	0.0	0.0
ZIC	0.006205837310785936	0.009080405626449845	0.0	0.0	0.0	0.0
ZIC/2	0.007136432742857444	0.006528898963009758	0.0	0.0	0.0	0.0
ZIM3	0.00239804254182629	0.003437607640606278	0.0	0.0	0.0	0.0
ZKSCAN1	0.0016830950789326641	0.001820878760994802	0.0	0.0	0.0	0.0
ZNF134	0.0028106683980919506	0.003555839116648076	0.0	0.0	0.0	0.0
ZNF136	0.0029955374104420514	0.003018307931427621	0.0	0.0	0.0	0.0
ZNF140	0.00041696042006672383	0.0008913013993580738	0.0	0.0	0.0	0.0
ZNF143	0.007316082034740244	0.012142725610564111	0.0	0.0	0.0	0.0
ZNF146	0.0002922814087257573	0.0002254923985851844	0.0	0.0	0.0	0.0
ZNF232	0.0003979372339786855	0.0009143145391613367	0.0	0.0	0.0	0.0
ZNF24	0.0006213361691053733	0.0005447849090164318	0.0	0.0	0.0	0.0
ZNF250	0.0021562154136607983	0.0009787688084868036	0.0	0.0	0.0	0.0
ZNF257	0.002959076247959322	0.0034893547840461753	0.0	0.0	0.0	0.0
ZNF274	0.00263812589170486	0.0026132721141313236	0.0	0.0	0.0	0.0
ZNF28	0.0025403295461467216	0.0031309112373218992	0.0	0.0	0.0	0.0
ZNF282	0.001566419099053747	0.0018513235257330964	0.0	0.0	0.0	0.0
ZNF306	0.0006864907056444409	0.0007392543106544974	0.0	0.0	0.0	0.0
ZNF317	0.001732453217771687	0.0019125304346943842	0.0	0.0	0.0	0.0
ZNF320	0.003851957981800654	0.004125621383535104	0.0	0.0	0.0	0.0
ZNF324	0.002793136134837876	0.0031151330448205817	0.0	0.0	0.0	0.0
ZNF329	0.001479946065637994	0.0023031296684844715	0.0	0.0	0.0	0.0
ZNF331	0.0007431009975056871	0.000516646827183372	0.0	0.0	0.0	0.0
ZNF332	0.0018232682578405053	0.0038080154841796856	0.0	0.0	0.0	0.0
ZNF335	0.004437885852410821	0.006281779221332538	0.0	0.0	0.0	0.0
ZNF354	0.0006755705727763896	0.00120386381357205	0.0	0.0	0.0	0.0
ZNF382	0.0022427242172371295	0.0017192351071840702	0.0	0.0	0.0	0.0
ZNF384/1	0.0003499576510598798	0.00032098745326844796	0.0	0.0	0.0	0.0
ZNF384/2	0.001813394532105697	0.0031076293208775786	0.0	0.0	0.0	0.0
ZNF41	0.003148521623739315	0.00411521811097864	0.0	0.0	0.0	0.0
ZNF410	0.0002345007507626107	0.0002593939782890532	0.0	0.0	0.0	0.0
ZNF418	0.002490360863109958	0.0029160226351136664	0.0	0.0	0.0	0.0
ZNF423	0.001422151656763855	0.0018001442204207214	0.0	0.0	0.0	0.0
ZNF431	0.0028805751000830263	0.003160317211534756	0.0	0.0	0.0	0.0
ZNF435	0.0003078065658589871	0.0012345680446226948	0.0	0.0	0.0	0.0
ZNF436	0.0014481960069573593	0.001387788499131352	0.0	0.0	0.0	0.0
ZNF449	0.0019501449470971468	0.0022401414714444327	0.0	0.0	0.0	0.0
ZNF490	0.00035063930821587483	0.00017889950087136857	0.0	0.0	0.0	0.0
ZNF524	0.004563481890784003	0.005825947081816139	0.0	0.0	0.0	0.0
ZNF528	0.0031316954698679075	0.003981190491253445	0.0	0.0	0.0	0.0
ZNF53	0.003216550615098741	0.0034462396303812665	0.0	0.0	0.0	0.0
ZNF547	0.002470421501023977	0.0024980253675378735	0.0	0.0	0.0	0.0
ZNF549	0.004142401169638953	0.003834617982070796	0.0	0.0	0.0	0.0
ZNF554	0.006012783871615601	0.0074036784303108	0.0	0.0	0.0	0.0
ZNF563	0.0026616571370662403	0.0037643435850212405	0.0	0.0	0.0	0.0
ZNF57	0.0029565083944051987	0.004842006383614485	0.0	0.0	0.0	0.0
ZNF586	0.0009048700758538764	0.0012788814536318141	0.0	0.0	0.0	0.0
ZNF652	0.000575844169791594	0.0006715472056680545	0.0	0.0	0.0	0.0
ZNF667	0.002206764905415097	0.002484223961701723	0.0	0.0	0.0	0.0
ZNF680	0.004146257101651097	0.00289266668850197	0.0	0.0	0.0	0.0
ZNF708	0.002159654859940787	0.002893786161561149	0.0	0.0	0.0	0.0
ZNF713	0.0009600167983539102	0.0010372245964010852	0.0	0.0	0.0	0.0
ZNF768	0.0037986972876687185	0.006115964661859912	0.0	0.0	0.0	0.0
ZNF784	0.00021185615640585258	0.0008762311029174661	0.0	0.0	0.0	0.0
ZNF85	0.0004735550324465739	0.0005250835154918219	0.0	0.0	0.0	0.0
ZSCAN3	0.0035389761001426217	0.0056868122671686686	0.0	0.0	0.0	0.0
ZSCAN4	0.0005538252577421325	0.0014095163401542145	0.0	0.0	0.0	0.0
